<?xml version="1.0" encoding="ISO-8859-1"?>
<MER>
	<Informacoes>
		<Posicao Left="0" Top="0"/>
		<TotalItens Valor="88"/>
		<Tipo Valor="CONCEITUAL"/>
		<Versao Valor="1.0.0"/>
	</Informacoes>
	<Entidades>
    <Entidade nome="Academico" id="1">
      <Left Valor="104"/>
      <Top Valor="52"/>
      <Width Valor="102"/>
      <Height Valor="66"/>
      <Fonte default="-1"/>
      <Atributos>
        <Atributo nome="id" id="14">
          <Left Valor="241"/>
          <Top Valor="60"/>
          <Width Valor="37"/>
          <Height Valor="16"/>
          <Fonte default="-1"/>
          <Atributos/>
          <AtributosOcultos/>
          <Dicionario></Dicionario>
          <Nula Valor="0"/>
          <Observacao></Observacao>
          <Anexos/>
          <MaxCard Valor="1"/>
          <MinCard Valor="1"/>
          <Composto Valor="0"/>
          <Identificador Valor="-1"/>
          <Tipo Valor="Texto(1)"/>
          <Multivalorado Valor="0"/>
          <Orientacao Valor="3"/>
          <TamAuto Valor="-1"/>
          <Desvio Valor="10"/>
          <BarraID Valor="16"/>
          <Ligacoes>
            <Ligacao Destino_ID="1">
              <MostraCardinalidade Valor="0" Card_id="15"/>
              <Cardinalidades Cardinalidade="4"/>
              <Orientacao Valor="0"/>
              <Fraca Valor="0"/>
            </Ligacao>
          </Ligacoes>
        </Atributo>
        <Atributo nome="Nome" id="17">
          <Left Valor="241"/>
          <Top Valor="92"/>
          <Width Valor="59"/>
          <Height Valor="16"/>
          <Fonte default="-1"/>
          <Atributos/>
          <AtributosOcultos/>
          <Dicionario></Dicionario>
          <Nula Valor="0"/>
          <Observacao></Observacao>
          <Anexos/>
          <MaxCard Valor="1"/>
          <MinCard Valor="1"/>
          <Composto Valor="0"/>
          <Identificador Valor="0"/>
          <Tipo Valor="Texto(1)"/>
          <Multivalorado Valor="0"/>
          <Orientacao Valor="3"/>
          <TamAuto Valor="-1"/>
          <Desvio Valor="10"/>
          <BarraID Valor="19"/>
          <Ligacoes>
            <Ligacao Destino_ID="1">
              <MostraCardinalidade Valor="0" Card_id="18"/>
              <Cardinalidades Cardinalidade="4"/>
              <Orientacao Valor="0"/>
              <Fraca Valor="0"/>
            </Ligacao>
          </Ligacoes>
        </Atributo>
        <Atributo nome="dataNascto" id="29">
          <Left Valor="241"/>
          <Top Valor="76"/>
          <Width Valor="91"/>
          <Height Valor="16"/>
          <Fonte default="-1"/>
          <Atributos/>
          <AtributosOcultos/>
          <Dicionario></Dicionario>
          <Nula Valor="0"/>
          <Observacao></Observacao>
          <Anexos/>
          <MaxCard Valor="1"/>
          <MinCard Valor="1"/>
          <Composto Valor="0"/>
          <Identificador Valor="0"/>
          <Tipo Valor="Texto(1)"/>
          <Multivalorado Valor="0"/>
          <Orientacao Valor="3"/>
          <TamAuto Valor="-1"/>
          <Desvio Valor="10"/>
          <BarraID Valor="31"/>
          <Ligacoes>
            <Ligacao Destino_ID="1">
              <MostraCardinalidade Valor="0" Card_id="30"/>
              <Cardinalidades Cardinalidade="4"/>
              <Orientacao Valor="0"/>
              <Fraca Valor="0"/>
            </Ligacao>
          </Ligacoes>
        </Atributo>
      </Atributos>
      <AtributosOcultos/>
      <Dicionario></Dicionario>
      <Nula Valor="0"/>
      <Observacao></Observacao>
      <Anexos/>
      <AutoRelacoes AutoRelacionado="0"/>
      <Especializacoes ehEsp="0"/>
    </Entidade>
    <Entidade nome="Disciplina" id="2">
      <Left Valor="530"/>
      <Top Valor="159"/>
      <Width Valor="102"/>
      <Height Valor="66"/>
      <Fonte default="-1"/>
      <Atributos>
        <Atributo nome="id" id="20">
          <Left Valor="667"/>
          <Top Valor="167"/>
          <Width Valor="37"/>
          <Height Valor="16"/>
          <Fonte default="-1"/>
          <Atributos/>
          <AtributosOcultos/>
          <Dicionario></Dicionario>
          <Nula Valor="0"/>
          <Observacao></Observacao>
          <Anexos/>
          <MaxCard Valor="1"/>
          <MinCard Valor="1"/>
          <Composto Valor="0"/>
          <Identificador Valor="-1"/>
          <Tipo Valor="Texto(1)"/>
          <Multivalorado Valor="0"/>
          <Orientacao Valor="3"/>
          <TamAuto Valor="-1"/>
          <Desvio Valor="10"/>
          <BarraID Valor="22"/>
          <Ligacoes>
            <Ligacao Destino_ID="2">
              <MostraCardinalidade Valor="0" Card_id="21"/>
              <Cardinalidades Cardinalidade="4"/>
              <Orientacao Valor="0"/>
              <Fraca Valor="0"/>
            </Ligacao>
          </Ligacoes>
        </Atributo>
        <Atributo nome="nome" id="23">
          <Left Valor="667"/>
          <Top Valor="199"/>
          <Width Valor="59"/>
          <Height Valor="16"/>
          <Fonte default="-1"/>
          <Atributos/>
          <AtributosOcultos/>
          <Dicionario></Dicionario>
          <Nula Valor="0"/>
          <Observacao></Observacao>
          <Anexos/>
          <MaxCard Valor="1"/>
          <MinCard Valor="1"/>
          <Composto Valor="0"/>
          <Identificador Valor="0"/>
          <Tipo Valor="Texto(1)"/>
          <Multivalorado Valor="0"/>
          <Orientacao Valor="3"/>
          <TamAuto Valor="-1"/>
          <Desvio Valor="10"/>
          <BarraID Valor="25"/>
          <Ligacoes>
            <Ligacao Destino_ID="2">
              <MostraCardinalidade Valor="0" Card_id="24"/>
              <Cardinalidades Cardinalidade="4"/>
              <Orientacao Valor="0"/>
              <Fraca Valor="0"/>
            </Ligacao>
          </Ligacoes>
        </Atributo>
        <Atributo nome="ch" id="26">
          <Left Valor="667"/>
          <Top Valor="183"/>
          <Width Valor="40"/>
          <Height Valor="16"/>
          <Fonte default="-1"/>
          <Atributos/>
          <AtributosOcultos/>
          <Dicionario></Dicionario>
          <Nula Valor="0"/>
          <Observacao></Observacao>
          <Anexos/>
          <MaxCard Valor="1"/>
          <MinCard Valor="1"/>
          <Composto Valor="0"/>
          <Identificador Valor="0"/>
          <Tipo Valor="Texto(1)"/>
          <Multivalorado Valor="0"/>
          <Orientacao Valor="3"/>
          <TamAuto Valor="-1"/>
          <Desvio Valor="10"/>
          <BarraID Valor="28"/>
          <Ligacoes>
            <Ligacao Destino_ID="2">
              <MostraCardinalidade Valor="0" Card_id="27"/>
              <Cardinalidades Cardinalidade="4"/>
              <Orientacao Valor="0"/>
              <Fraca Valor="0"/>
            </Ligacao>
          </Ligacoes>
        </Atributo>
      </Atributos>
      <AtributosOcultos/>
      <Dicionario></Dicionario>
      <Nula Valor="0"/>
      <Observacao></Observacao>
      <Anexos/>
      <AutoRelacoes AutoRelacionado="0"/>
      <Especializacoes ehEsp="0"/>
    </Entidade>
    <Entidade nome="Professor" id="3">
      <Left Valor="114"/>
      <Top Valor="284"/>
      <Width Valor="102"/>
      <Height Valor="66"/>
      <Fonte default="-1"/>
      <Atributos>
        <Atributo nome="id" id="32">
          <Left Valor="228"/>
          <Top Valor="369"/>
          <Width Valor="37"/>
          <Height Valor="16"/>
          <Fonte default="-1"/>
          <Atributos/>
          <AtributosOcultos/>
          <Dicionario></Dicionario>
          <Nula Valor="0"/>
          <Observacao></Observacao>
          <Anexos/>
          <MaxCard Valor="1"/>
          <MinCard Valor="1"/>
          <Composto Valor="0"/>
          <Identificador Valor="-1"/>
          <Tipo Valor="Texto(1)"/>
          <Multivalorado Valor="0"/>
          <Orientacao Valor="3"/>
          <TamAuto Valor="-1"/>
          <Desvio Valor="10"/>
          <BarraID Valor="34"/>
          <Ligacoes>
            <Ligacao Destino_ID="3">
              <MostraCardinalidade Valor="0" Card_id="33"/>
              <Cardinalidades Cardinalidade="4"/>
              <Orientacao Valor="0"/>
              <Fraca Valor="0"/>
            </Ligacao>
          </Ligacoes>
        </Atributo>
        <Atributo nome="nome" id="35">
          <Left Valor="228"/>
          <Top Valor="251"/>
          <Width Valor="59"/>
          <Height Valor="16"/>
          <Fonte default="-1"/>
          <Atributos/>
          <AtributosOcultos/>
          <Dicionario></Dicionario>
          <Nula Valor="0"/>
          <Observacao></Observacao>
          <Anexos/>
          <MaxCard Valor="1"/>
          <MinCard Valor="1"/>
          <Composto Valor="0"/>
          <Identificador Valor="0"/>
          <Tipo Valor="Texto(1)"/>
          <Multivalorado Valor="0"/>
          <Orientacao Valor="3"/>
          <TamAuto Valor="-1"/>
          <Desvio Valor="10"/>
          <BarraID Valor="37"/>
          <Ligacoes>
            <Ligacao Destino_ID="3">
              <MostraCardinalidade Valor="0" Card_id="36"/>
              <Cardinalidades Cardinalidade="4"/>
              <Orientacao Valor="0"/>
              <Fraca Valor="0"/>
            </Ligacao>
          </Ligacoes>
        </Atributo>
        <Atributo nome="email" id="38">
          <Left Valor="275"/>
          <Top Valor="274"/>
          <Width Valor="58"/>
          <Height Valor="16"/>
          <Fonte default="-1"/>
          <Atributos/>
          <AtributosOcultos/>
          <Dicionario></Dicionario>
          <Nula Valor="0"/>
          <Observacao></Observacao>
          <Anexos/>
          <MaxCard Valor="1"/>
          <MinCard Valor="1"/>
          <Composto Valor="0"/>
          <Identificador Valor="0"/>
          <Tipo Valor="Texto(1)"/>
          <Multivalorado Valor="0"/>
          <Orientacao Valor="3"/>
          <TamAuto Valor="-1"/>
          <Desvio Valor="10"/>
          <BarraID Valor="40"/>
          <Ligacoes>
            <Ligacao Destino_ID="3">
              <MostraCardinalidade Valor="0" Card_id="39"/>
              <Cardinalidades Cardinalidade="4"/>
              <Orientacao Valor="0"/>
              <Fraca Valor="0"/>
            </Ligacao>
          </Ligacoes>
        </Atributo>
      </Atributos>
      <AtributosOcultos/>
      <Dicionario></Dicionario>
      <Nula Valor="0"/>
      <Observacao></Observacao>
      <Anexos/>
      <AutoRelacoes AutoRelacionado="0"/>
      <Especializacoes ehEsp="0"/>
    </Entidade>
  </Entidades>
	<Relacoes>
    <Relacao nome="ministra" id="5">
      <Left Valor="407"/>
      <Top Valor="301"/>
      <Width Valor="102"/>
      <Height Valor="51"/>
      <Fonte default="-1"/>
      <Atributos/>
      <AtributosOcultos/>
      <Dicionario></Dicionario>
      <Nula Valor="0"/>
      <Observacao></Observacao>
      <Anexos/>
      <Ligacoes>
        <Ligacao Destino_ID="3">
          <MostraCardinalidade Valor="-1" Card_id="6"/>
          <Cardinalidades Cardinalidade="2">
            <Cardinalidade nome="" id="6">
              <Left Valor="216"/>
              <Top Valor="313"/>
              <Width Valor="40"/>
              <Height Valor="20"/>
              <Fonte default="-1"/>
              <Atributos/>
              <AtributosOcultos/>
              <Dicionario></Dicionario>
              <Nula Valor="0"/>
              <Observacao></Observacao>
              <Anexos/>
              <Cor Valor="15780518"/>
              <TamAuto Valor="-1"/>
              <Tipo Valor="0"/>
              <TextAlin Valor="0"/>
              <Card Valor="2"/>
              <Fixa Valor="0"/>
              <Ligacoes/>
            </Cardinalidade>
          </Cardinalidades>
          <Orientacao Valor="0"/>
          <Fraca Valor="0"/>
        </Ligacao>
        <Ligacao Destino_ID="2">
          <MostraCardinalidade Valor="-1" Card_id="7"/>
          <Cardinalidades Cardinalidade="3">
            <Cardinalidade nome="" id="7">
              <Left Valor="581"/>
              <Top Valor="226"/>
              <Width Valor="40"/>
              <Height Valor="20"/>
              <Fonte default="-1"/>
              <Atributos/>
              <AtributosOcultos/>
              <Dicionario></Dicionario>
              <Nula Valor="0"/>
              <Observacao></Observacao>
              <Anexos/>
              <Cor Valor="15780518"/>
              <TamAuto Valor="-1"/>
              <Tipo Valor="0"/>
              <TextAlin Valor="0"/>
              <Card Valor="3"/>
              <Fixa Valor="0"/>
              <Ligacoes/>
            </Cardinalidade>
          </Cardinalidades>
          <Orientacao Valor="0"/>
          <Fraca Valor="-1"/>
        </Ligacao>
      </Ligacoes>
    </Relacao>
  </Relacoes>
	<EntAssoss>
    <EntidadeAssoss nome="Acad_disc" id="10">
      <Left Valor="330"/>
      <Top Valor="127"/>
      <Width Valor="127"/>
      <Height Valor="66"/>
      <Fonte default="-1"/>
      <Atributos/>
      <AtributosOcultos/>
      <Dicionario></Dicionario>
      <Nula Valor="0"/>
      <Observacao></Observacao>
      <Anexos/>
      <AutoRelacoes AutoRelacionado="0"/>
      <ChildRelacao nome="faz" id="11">
        <Left Valor="345"/>
        <Top Valor="142"/>
        <Width Valor="97"/>
        <Height Valor="36"/>
        <Fonte default="-1"/>
        <Atributos/>
        <AtributosOcultos/>
        <Dicionario></Dicionario>
        <Nula Valor="0"/>
        <Observacao></Observacao>
        <Anexos/>
        <Ligacoes>
          <Ligacao Destino_ID="1">
            <MostraCardinalidade Valor="-1" Card_id="12"/>
            <Cardinalidades Cardinalidade="4">
              <Cardinalidade nome="" id="12">
                <Left Valor="155"/>
                <Top Valor="119"/>
                <Width Valor="40"/>
                <Height Valor="20"/>
                <Fonte default="-1"/>
                <Atributos/>
                <AtributosOcultos/>
                <Dicionario></Dicionario>
                <Nula Valor="0"/>
                <Observacao></Observacao>
                <Anexos/>
                <Cor Valor="15780518"/>
                <TamAuto Valor="-1"/>
                <Tipo Valor="0"/>
                <TextAlin Valor="0"/>
                <Card Valor="4"/>
                <Fixa Valor="0"/>
                <Ligacoes/>
              </Cardinalidade>
            </Cardinalidades>
            <Orientacao Valor="0"/>
            <Fraca Valor="0"/>
          </Ligacao>
          <Ligacao Destino_ID="2">
            <MostraCardinalidade Valor="-1" Card_id="13"/>
            <Cardinalidades Cardinalidade="3">
              <Cardinalidade nome="" id="13">
                <Left Valor="492"/>
                <Top Valor="177"/>
                <Width Valor="40"/>
                <Height Valor="20"/>
                <Fonte default="-1"/>
                <Atributos/>
                <AtributosOcultos/>
                <Dicionario></Dicionario>
                <Nula Valor="0"/>
                <Observacao></Observacao>
                <Anexos/>
                <Cor Valor="15780518"/>
                <TamAuto Valor="-1"/>
                <Tipo Valor="0"/>
                <TextAlin Valor="0"/>
                <Card Valor="3"/>
                <Fixa Valor="0"/>
                <Ligacoes/>
              </Cardinalidade>
            </Cardinalidades>
            <Orientacao Valor="0"/>
            <Fraca Valor="0"/>
          </Ligacao>
        </Ligacoes>
      </ChildRelacao>
    </EntidadeAssoss>
  </EntAssoss>
	<Texto>
	</Texto>
</MER>
